{"cameraMode":{"drawMode":0,"name":"Shaded","section":"Shading Mode"},"sceneLighting":false,"audioPlay":false,"sceneViewState":{"m_AlwaysRefresh":false,"showFog":true,"showSkybox":false,"showFlares":true,"showImageEffects":true,"showParticleSystems":true,"showVisualEffectGraphs":true,"m_FxEnabled":true},"in2DMode":false,"pivot":{"x":-9.160795211791993,"y":3.5401439666748049,"z":22.500329971313478},"rotation":{"x":0.2541881799697876,"y":0.026485934853553773,"z":-0.00696301506832242,"w":0.9667587280273438},"size":10.508270263671875,"orthographic":false}